<?xml version="1.0"?>
<doc>
    <assembly>
        <name>SourceTree.UI.Theme.Wpf</name>
    </assembly>
    <members>
        <member name="T:SourceTree.UI.Theme.Wpf.Controls.CircularProgressBar">
            <summary>
            A circular type progress bar, that is simliar to popular web based
            progress bars
            </summary>
            <summary>
            CircularProgressBar
            </summary>
        </member>
        <member name="M:SourceTree.UI.Theme.Wpf.Controls.CircularProgressBar.InitializeComponent">
            <summary>
            InitializeComponent
            </summary>
        </member>
        <member name="T:SourceTree.UI.Theme.Wpf.Controls.SearchBox">
            <summary>
            Interaction logic for SearchBox.xaml
            </summary>
            <summary>
            SearchBox
            </summary>
        </member>
        <member name="M:SourceTree.UI.Theme.Wpf.Controls.SearchBox.InitializeComponent">
            <summary>
            InitializeComponent
            </summary>
        </member>
        <member name="T:XamlGeneratedNamespace.GeneratedInternalTypeHelper">
            <summary>
            GeneratedInternalTypeHelper
            </summary>
        </member>
        <member name="M:XamlGeneratedNamespace.GeneratedInternalTypeHelper.CreateInstance(System.Type,System.Globalization.CultureInfo)">
            <summary>
            CreateInstance
            </summary>
        </member>
        <member name="M:XamlGeneratedNamespace.GeneratedInternalTypeHelper.GetPropertyValue(System.Reflection.PropertyInfo,System.Object,System.Globalization.CultureInfo)">
            <summary>
            GetPropertyValue
            </summary>
        </member>
        <member name="M:XamlGeneratedNamespace.GeneratedInternalTypeHelper.SetPropertyValue(System.Reflection.PropertyInfo,System.Object,System.Object,System.Globalization.CultureInfo)">
            <summary>
            SetPropertyValue
            </summary>
        </member>
        <member name="M:XamlGeneratedNamespace.GeneratedInternalTypeHelper.CreateDelegate(System.Type,System.Object,System.String)">
            <summary>
            CreateDelegate
            </summary>
        </member>
        <member name="M:XamlGeneratedNamespace.GeneratedInternalTypeHelper.AddEventHandler(System.Reflection.EventInfo,System.Object,System.Delegate)">
            <summary>
            AddEventHandler
            </summary>
        </member>
    </members>
</doc>
